{"A": [0.5, 0.85, 0.36, 0.76, 0.3, 0.72, 0.27, 0.65, 0.26, 0.6, 0.38, 0.56, 0.42625079290002527, 0.5471600562260198, 0.4589855002657498, 0.562141342341717, 0.4769396645888685, 0.586175650808125, 0.49, 0.54, 0.5362507929000253, 0.5271600562260198, 0.5689855002657499, 0.542141342341717, 0.5869396645888686, 0.5661756508081249, 0.59, 0.56, 0.6362507929000252, 0.5471600562260198, 0.6689855002657498, 0.562141342341717, 0.6869396645888685, 0.586175650808125, 0.68, 0.6000000000000001, 0.7262507929000253, 0.5871600562260199, 0.7589855002657498, 0.602141342341717, 0.7769396645888685, 0.626175650808125], "B": [0.5, 0.85, 0.36, 0.76, 0.42, 0.72, 0.43, 0.68, 0.44, 0.65, 0.38, 0.62, 0.38, 0.5, 0.38, 0.41000000000000003, 0.38, 0.35000000000000003, 0.49, 0.6, 0.49, 0.48, 0.49, 0.39, 0.49, 0.33, 0.59, 0.62, 0.59, 0.5, 0.59, 0.41000000000000003, 0.59, 0.35000000000000003, 0.68, 0.66, 0.68, 0.54, 0.68, 0.45000000000000007, 0.68, 0.39000000000000007], "C": [0.5, 0.85, 0.36, 0.76, 0.32, 0.68, 0.29, 0.6, 0.3, 0.54, 0.41000000000000003, 0.5680384757729336, 0.4551358388651525, 0.551705807591066, 0.4907163813733679, 0.5571853143956131, 0.5162480725344372, 0.5729375442839744, 0.5105212085995401, 0.5436184427528454, 0.552135194586432, 0.5196961483335644, 0.5881266950760261, 0.5189139127504131, 0.6160058484932648, 0.5299932992288273, 0.6055291427061512, 0.5620444504226559, 0.6448998095744165, 0.5345862896986002, 0.6806861752152634, 0.530670164800233, 0.7094248721945176, 0.5392775625448831, 0.6904188906600158, 0.6009115348192675, 0.7272466038621284, 0.5701264809732379, 0.7625554788033029, 0.5631062708347521, 0.7919350005076606, 0.5691761723515126], "D": [0.5, 0.85, 0.36, 0.76, 0.38, 0.7, 0.41, 0.66, 0.43, 0.63, 0.38, 0.62, 0.38, 0.5, 0.38, 0.41000000000000003, 0.38, 0.35000000000000003, 0.49, 0.54, 0.5362507929000253, 0.5271600562260198, 0.5689855002657499, 0.542141342341717, 0.5869396645888686, 0.5661756508081249, 0.59, 0.56, 0.6362507929000252, 0.5471600562260198, 0.6689855002657498, 0.562141342341717, 0.6869396645888685, 0.586175650808125, 0.68, 0.6000000000000001, 0.7262507929000253, 0.5871600562260199, 0.7589855002657498, 0.602141342341717, 0.7769396645888685, 0.626175650808125], "E": [0.5, 0.85, 0.36, 0.76, 0.4, 0.72, 0.42, 0.7, 0.43, 0.68, 0.38, 0.56, 0.42625079290002527, 0.5471600562260198, 0.4589855002657498, 0.562141342341717, 0.4769396645888685, 0.586175650808125, 0.49, 0.54, 0.5362507929000253, 0.5271600562260198, 0.5689855002657499, 0.542141342341717, 0.5869396645888686, 0.5661756508081249, 0.59, 0.56, 0.6362507929000252, 0.5471600562260198, 0.6689855002657498, 0.562141342341717, 0.6869396645888685, 0.586175650808125, 0.68, 0.6000000000000001, 0.7262507929000253, 0.5871600562260199, 0.7589855002657498, 0.602141342341717, 0.7769396645888685, 0.626175650808125], "F": [0.5, 0.85, 0.36, 0.76, 0.38, 0.7, 0.4, 0.64, 0.42, 0.6, 0.38, 0.56, 0.42625079290002527, 0.5471600562260198, 0.4589855002657498, 0.562141342341717, 0.4769396645888685, 0.586175650808125, 0.49, 0.6, 0.49, 0.48, 0.49, 0.39, 0.49, 0.33, 0.59, 0.62, 0.59, 0.5, 0.59, 0.41000000000000003, 0.59, 0.35000000000000003, 0.68, 0.66, 0.68, 0.54, 0.68, 0.45000000000000007, 0.68, 0.39000000000000007], "G": [0.5, 0.85, 0.36, 0.76, 0.38, 0.72, 0.34, 0.7, 0.3, 0.69, 0.38, 0.62, 0.32, 0.61, 0.27, 0.61, 0.22, 0.61, 0.49, 0.54, 0.5362507929000253, 0.5271600562260198, 0.5689855002657499, 0.542141342341717, 0.5869396645888686, 0.5661756508081249, 0.59, 0.56, 0.6362507929000252, 0.5471600562260198, 0.6689855002657498, 0.562141342341717, 0.6869396645888685, 0.586175650808125, 0.68, 0.6000000000000001, 0.7262507929000253, 0.5871600562260199, 0.7589855002657498, 0.602141342341717, 0.7769396645888685, 0.626175650808125], "H": [0.5, 0.85, 0.36, 0.76, 0.4, 0.73, 0.42, 0.7, 0.43, 0.68, 0.38, 0.62, 0.32, 0.61, 0.27, 0.61, 0.22, 0.61, 0.49, 0.6, 0.43, 0.6, 0.37, 0.6, 0.32, 0.6, 0.59, 0.56, 0.6362507929000252, 0.5471600562260198, 0.6689855002657498, 0.562141342341717, 0.6869396645888685, 0.586175650808125, 0.68, 0.6000000000000001, 0.7262507929000253, 0.5871600562260199, 0.7589855002657498, 0.602141342341717, 0.7769396645888685, 0.626175650808125], "I": [0.5, 0.85, 0.36, 0.76, 0.41, 0.73, 0.43, 0.71, 0.44, 0.7, 0.38, 0.56, 0.42625079290002527, 0.5471600562260198, 0.4589855002657498, 0.562141342341717, 0.4769396645888685, 0.586175650808125, 0.49, 0.54, 0.5362507929000253, 0.5271600562260198, 0.5689855002657499, 0.542141342341717, 0.5869396645888686, 0.5661756508081249, 0.59, 0.56, 0.6362507929000252, 0.5471600562260198, 0.6689855002657498, 0.562141342341717, 0.6869396645888685, 0.586175650808125, 0.68, 0.66, 0.68, 0.54, 0.68, 0.45000000000000007, 0.68, 0.39000000000000007], "J": [0.5, 0.85, 0.36, 0.76, 0.41, 0.73, 0.43, 0.71, 0.44, 0.7, 0.38, 0.56, 0.42625079290002527, 0.5471600562260198, 0.4589855002657498, 0.562141342341717, 0.4769396645888685, 0.586175650808125, 0.49, 0.54, 0.5362507929000253, 0.5271600562260198, 0.5689855002657499, 0.542141342341717, 0.5869396645888686, 0.5661756508081249, 0.59, 0.56, 0.6362507929000252, 0.5471600562260198, 0.6689855002657498, 0.562141342341717, 0.6869396645888685, 0.586175650808125, 0.68, 0.66, 0.68, 0.54, 0.68, 0.45000000000000007, 0.68, 0.39000000000000007], "K": [0.5, 0.85, 0.36, 0.76, 0.4, 0.7, 0.42, 0.65, 0.43, 0.61, 0.38, 0.62, 0.41105828541230244, 0.5040889008453118, 0.43435199947152925, 0.41715557647929563, 0.4498811421776805, 0.3592000269019515, 0.49, 0.6, 0.5004586891297189, 0.4804566362289905, 0.5083027059770081, 0.39079911340073337, 0.5135320505418676, 0.3310274315152286, 0.59, 0.56, 0.6362507929000252, 0.5471600562260198, 0.6689855002657498, 0.562141342341717, 0.6869396645888685, 0.586175650808125, 0.68, 0.6000000000000001, 0.7262507929000253, 0.5871600562260199, 0.7589855002657498, 0.602141342341717, 0.7769396645888685, 0.626175650808125], "L": [0.5, 0.85, 0.36, 0.76, 0.36, 0.72, 0.3, 0.7, 0.24, 0.69, 0.38, 0.62, 0.38, 0.5, 0.38, 0.41000000000000003, 0.38, 0.35000000000000003, 0.49, 0.54, 0.5362507929000253, 0.5271600562260198, 0.5689855002657499, 0.542141342341717, 0.5869396645888686, 0.5661756508081249, 0.59, 0.56, 0.6362507929000252, 0.5471600562260198, 0.6689855002657498, 0.562141342341717, 0.6869396645888685, 0.586175650808125, 0.68, 0.6000000000000001, 0.7262507929000253, 0.5871600562260199, 0.7589855002657498, 0.602141342341717, 0.7769396645888685, 0.626175650808125], "M": [0.5, 0.85, 0.36, 0.76, 0.44, 0.74, 0.46, 0.73, 0.47, 0.72, 0.38, 0.56, 0.42625079290002527, 0.5471600562260198, 0.4589855002657498, 0.562141342341717, 0.4769396645888685, 0.586175650808125, 0.49, 0.54, 0.5362507929000253, 0.5271600562260198, 0.5689855002657499, 0.542141342341717, 0.5869396645888686, 0.5661756508081249, 0.59, 0.56, 0.6362507929000252, 0.5471600562260198, 0.6689855002657498, 0.562141342341717, 0.6869396645888685, 0.586175650808125, 0.68, 0.6000000000000001, 0.7262507929000253, 0.5871600562260199, 0.7589855002657498, 0.602141342341717, 0.7769396645888685, 0.626175650808125], "N": [0.5, 0.85, 0.36, 0.76, 0.43, 0.73, 0.45, 0.71, 0.46, 0.7, 0.38, 0.56, 0.42625079290002527, 0.5471600562260198, 0.4589855002657498, 0.562141342341717, 0.4769396645888685, 0.586175650808125, 0.49, 0.54, 0.5362507929000253, 0.5271600562260198, 0.5689855002657499, 0.542141342341717, 0.5869396645888686, 0.5661756508081249, 0.59, 0.56, 0.6362507929000252, 0.5471600562260198, 0.6689855002657498, 0.562141342341717, 0.6869396645888685, 0.586175650808125, 0.68, 0.6000000000000001, 0.7262507929000253, 0.5871600562260199, 0.7589855002657498, 0.602141342341717, 0.7769396645888685, 0.626175650808125],